﻿bed_id,bed_no,ward_id,room_id,bed_type,bed_status,bed_rails,bed_size,bed_size_unit,bed_elevation,bed_castors,is_deleted
1000001,1,50001,,MANUAL,RESERVED,FALSE,6,FT,TRUE,FALSE,FALSE
1000002,1,50002,,ELECTRIC,AVAILABLE,TRUE,5,FT,TRUE,TRUE,FALSE
1000003,1,,1002,ELECTRIC,AVAILABLE,TRUE,6,FT,TRUE,FALSE,FALSE
1000004,6,50001,,MANUAL,AVAILABLE,FALSE,7,FT,FALSE,FALSE,TRUE
1000005,1,50005,,ELECTRIC,AVAILABLE,TRUE,5,FT,TRUE,TRUE,FALSE
1000006,1,,1004,MANUAL,AVAILABLE,TRUE,6,FT,TRUE,TRUE,FALSE
1000007,2,50001,,ELECTRIC,RESERVED,FALSE,7,FT,FALSE,TRUE,FALSE
1000008,1,,1004,MANUAL,AVAILABLE,TRUE,6,FT,TRUE,TRUE,FALSE
1000009,2,50005,,MANUAL,ALLOCATED,FALSE,7,FT,TRUE,TRUE,FALSE
1000010,3,50005,,MANUAL,ALLOCATED,FALSE,7,FT,TRUE,TRUE,FALSE
1000011,1,50007,,ELECTRIC,AVAILABLE,TRUE,5,FT,TRUE,TRUE,FALSE
1000012,1,50008,,MANUAL,AVAILABLE,TRUE,6,FT,TRUE,TRUE,FALSE
1000013,1,50009,,ELECTRIC,AVAILABLE,FALSE,7,FT,FALSE,TRUE,FALSE
1000014,1,50010,,MANUAL,AVAILABLE,TRUE,6,FT,TRUE,TRUE,FALSE
1000015,1,50011,,MANUAL,AVAILABLE,FALSE,7,FT,TRUE,TRUE,FALSE
1000016,1,50012,,MANUAL,AVAILABLE,FALSE,7,FT,TRUE,TRUE,FALSE
1000017,2,50007,,ELECTRIC,AVAILABLE,TRUE,5,FT,TRUE,TRUE,FALSE
1000018,2,50008,,MANUAL,AVAILABLE,TRUE,6,FT,TRUE,TRUE,FALSE
1000019,2,50009,,ELECTRIC,AVAILABLE,FALSE,7,FT,FALSE,TRUE,FALSE
1000020,2,50010,,MANUAL,AVAILABLE,TRUE,6,FT,TRUE,TRUE,FALSE
1000021,2,50011,,MANUAL,AVAILABLE,FALSE,7,FT,TRUE,TRUE,FALSE
1000022,2,50012,,MANUAL,AVAILABLE,FALSE,7,FT,TRUE,TRUE,FALSE
1000023,3,50007,,ELECTRIC,AVAILABLE,TRUE,5,FT,TRUE,TRUE,FALSE
1000024,3,50008,,MANUAL,AVAILABLE,TRUE,6,FT,TRUE,TRUE,FALSE
1000025,3,50009,,ELECTRIC,AVAILABLE,FALSE,7,FT,FALSE,TRUE,FALSE
1000026,3,50010,,MANUAL,AVAILABLE,TRUE,6,FT,TRUE,TRUE,FALSE
1000027,3,50011,,MANUAL,AVAILABLE,FALSE,7,FT,TRUE,TRUE,FALSE
1000028,3,50012,,MANUAL,AVAILABLE,FALSE,7,FT,TRUE,TRUE,FALSE
1000029,4,50007,,ELECTRIC,AVAILABLE,TRUE,5,FT,TRUE,TRUE,FALSE
1000030,4,50008,,MANUAL,AVAILABLE,TRUE,6,FT,TRUE,TRUE,FALSE
1000031,4,50009,,ELECTRIC,AVAILABLE,FALSE,7,FT,FALSE,TRUE,FALSE
1000032,4,50010,,MANUAL,AVAILABLE,TRUE,6,FT,TRUE,TRUE,FALSE
1000033,4,50011,,MANUAL,AVAILABLE,FALSE,7,FT,TRUE,TRUE,FALSE
1000034,4,50012,,MANUAL,AVAILABLE,FALSE,7,FT,TRUE,TRUE,FALSE
