﻿request_id,patient_id,bed_id,request_created_timestamp,requested_admission_datetime,actual_admission_datetime,discharge_datetime,requested_by,room_or_ward,allocation_type,priority,request_status
50000001,10000001,,12/16/22 3:34 PM,12/17/22 3:34 PM,,,Sagar N,ROOM,NON-AC SHARED,LOW,REQUESTED
50000002,10000002,1000003,12/17/21 10:52 AM,12/17/21 10:52 AM,12/17/21 10:52 AM,12/21/21 10:52 AM,Ayushi S,ROOM,AC SINGLE,MEDIUM,FULFILLED
50000003,10000003,1000001,12/10/22 6:52 PM,12/20/22 6:52 PM,,,Sasi B,WARD,GENERAL,LOW,ALLOCATED
50000004,10000004,,12/15/22 3:34 PM,12/19/22 3:52 PM,,,Devansh G,ROOM,NON-AC SINGLE,MEDIUM,REQUESTED
50000005,10000005,1000002,12/20/21 11:52 AM,12/21/21 11:52 AM,12/22/21 11:52 AM,12/23/21 11:52 AM,Krishna C,WARD,ICU,HIGH,FULFILLED
50000006,10000007,1000007,12/16/22 3:40 PM,12/21/22 3:52 PM,,,Hritik S,WARD,GENERAL,HIGH,ALLOCATED
50000007,10000002,,12/16/22 7:40 PM,12/17/22 10:00 AM,,,Krishna C,WARD,ICCU,HIGH,REQUESTED
50000008,10000005,,12/16/22 7:45 PM,12/18/22 10:00 AM,,,Hritik S,WARD,ICU,HIGH,REQUESTED
50000009,10000006,,12/16/22 7:45 PM,12/18/22 11:00 AM,,,Sagar N,ROOM,NON-AC SINGLE,LOW,REQUESTED
50000010,10000008,,12/16/22 7:45 PM,12/18/22 12:00 PM,,,Ayushi S,ROOM,NON-AC SHARED,MEDIUM,REQUESTED
50000011,10000009,,12/16/22 7:45 PM,12/18/22 1:00 PM,,,Sasi B,WARD,GENERAL,LOW,REQUESTED
50000012,10000010,,12/16/22 7:46 PM,12/18/22 2:00 PM,,,Devansh G,ROOM,NON-AC SHARED,MEDIUM,REQUESTED
50000013,10000011,,12/16/22 7:46 PM,12/18/22 3:00 PM,,,Krishna C,ROOM,AC SINGLE,LOW,REQUESTED
50000014,10000012,,12/16/22 7:46 PM,12/17/22 10:00 AM,,,Hritik S,WARD,GENERAL,MEDIUM,REQUESTED
50000015,10000013,,12/16/22 7:46 PM,12/18/22 10:00 AM,,,Sagar N,ROOM,AC SHARED,MEDIUM,REQUESTED
50000016,10000014,,12/16/22 7:47 PM,12/18/22 11:00 AM,,,Ayushi S,ROOM,NON-AC SINGLE,MEDIUM,REQUESTED
50000017,10000015,,12/16/22 7:47 PM,12/18/22 12:00 PM,,,Sasi B,ROOM,NON-AC SINGLE,MEDIUM,REQUESTED
50000018,10000016,,12/16/22 7:47 PM,12/18/22 1:00 PM,,,Devansh G,ROOM,AC SINGLE,LOW,REQUESTED
50000019,10000017,,12/16/22 7:47 PM,12/18/22 2:00 PM,,,Krishna C,WARD,GENERAL,LOW,REQUESTED
50000020,10000018,,12/16/22 7:48 PM,12/18/22 3:00 PM,,,Hritik S,ROOM,NON-AC SHARED,LOW,REQUESTED
50000021,10000019,,12/16/22 7:48 PM,12/17/22 10:00 AM,,,Sagar N,ROOM,NON-AC SINGLE,MEDIUM,REQUESTED
50000022,10000020,,12/16/22 7:48 PM,12/18/22 10:00 AM,,,Ayushi S,WARD,GENERAL,MEDIUM,REQUESTED
50000023,10000021,,12/16/22 7:48 PM,12/18/22 11:00 AM,,,Sasi B,WARD,CASUALITY,MEDIUM,REQUESTED
50000024,10000022,,12/16/22 7:49 PM,12/18/22 12:00 PM,,,Devansh G,ROOM,AC SINGLE,MEDIUM,REQUESTED
50000025,10000023,,12/16/22 7:49 PM,12/18/22 1:00 PM,,,Krishna C,ROOM,AC SHARED,MEDIUM,REQUESTED
50000026,10000024,,12/16/22 7:49 PM,12/18/22 2:00 PM,,,Hritik S,WARD,GENERAL,LOW,REQUESTED
50000027,10000025,,12/16/22 7:49 PM,12/18/22 3:00 PM,,,Sagar N,WARD,GENERAL,LOW,REQUESTED
50000028,10000026,,12/16/22 7:50 PM,12/19/22 10:00 AM,,,Ayushi S,ROOM,NON-AC SINGLE,LOW,REQUESTED
50000029,10000027,,12/16/22 7:50 PM,12/19/22 12:00 PM,,,Sasi B,WARD,GENERAL,LOW,REQUESTED
50000030,10000028,,12/16/22 7:50 PM,12/19/22 2:00 PM,,,Devansh G,WARD,GENERAL,LOW,REQUESTED
50000031,10000029,,12/16/22 7:50 PM,12/19/22 4:00 PM,,,Krishna C,ROOM,NON-AC SINGLE,LOW,REQUESTED
50000032,10000030,,12/16/22 7:51 PM,12/18/22 3:00 PM,,,Hritik S,WARD,CCU,MEDIUM,REQUESTED
50000033,10000031,,12/16/22 7:51 PM,12/17/22 8:00 AM,,,Sagar N,WARD,ICCU,HIGH,REQUESTED
50000034,10000032,,12/16/22 7:51 PM,12/19/22 12:00 PM,,,Ayushi S,ROOM,AC SINGLE,MEDIUM,REQUESTED
50000035,10000033,,12/16/22 7:51 PM,12/19/22 2:00 PM,,,Sasi B,WARD,GENERAL,LOW,REQUESTED
50000036,10000034,,12/16/22 7:52 PM,12/19/22 4:00 PM,,,Devansh G,WARD,GENERAL,LOW,REQUESTED
50000037,10000035,,12/16/22 7:52 PM,12/19/22 2:00 PM,,,Krishna C,ROOM,NON-AC SINGLE,LOW,REQUESTED
50000038,10000036,,12/16/22 7:52 PM,12/19/22 4:00 PM,,,Hritik S,WARD,GENERAL,LOW,REQUESTED
50000039,10000037,,12/16/22 7:52 PM,12/18/22 3:00 PM,,,Sagar N,WARD,CCU,MEDIUM,REQUESTED
50000040,10000038,,12/16/22 7:53 PM,12/17/22 8:00 AM,,,Ayushi S,WARD,ICCU,HIGH,REQUESTED
50000041,10000039,,12/16/22 7:53 PM,12/19/22 12:00 PM,,,Sasi B,WARD,GENERAL,MEDIUM,REQUESTED
50000042,10000040,,12/16/22 7:53 PM,12/19/22 2:00 PM,,,Devansh G,ROOM,AC SINGLE,MEDIUM,REQUESTED
50000043,10000041,1000009,12/17/22 7:53 PM,12/17/22 8:00 PM,12/17/22 8:00 PM,,Krishna C,WARD,BURN,HIGH,ALLOCATED
50000043,10000041,1000010,12/17/22 7:55 PM,12/17/22 8:00 PM,12/17/22 8:01 PM,,Krishna C,WARD,BURN,HIGH,ALLOCATED
