﻿mc_id,mc_name,mc_type,address_line_1,address_line_2,City,State,country,zip_code,maps_url
10001,Krishna Hospitals,Base,"Wipro Circle, Gachibowli, Hyderabad",,Hyderabad,Telangana,India,500021,https://goo.gl/maps/LHrJTAxHbw8GxyYc8
10002,Sasi Hospitals,Base,"Opp Reliance Mart, Syamala Center, Rajahmundry",,Rajahmundry,Andhra Pradesh,India ,533101,https://goo.gl/maps/grJci6n1uEtCJNDL9
10003,Sagar Medical Camp,Camp,"Kothaguda, Hyderabad",,Hyderabad,Telangana,India ,566181,https://goo.gl/maps/LHrJTAxHbw8GxyYc8
10004,Ayushi Hospitals,Base,"Opp Gandhi Park, Sarojini Nagar, Lucknow",,Lucknow,Uttar Pradesh,India ,599261,https://goo.gl/maps/grJci6n1uEtCJNDL9
10005,Bala Hospitals,Base,"Near Uppal Metro Station, Hyderabad",,Hyderabad,Telangana,India ,632341,https://goo.gl/maps/SqCRZtsYb488FWaq7
10006,Devansh Medical Camp,Camp,"Opp Surat Market, Gandhinagar",,Gandhinagar,Gujarat,India ,665421,https://goo.gl/maps/LHrJTAxHbw8GxyYc8
10007,Hrithik Hospitals,Base,"Vasundhra Colony, Gopalpura Bypass","Tonk Rd, Jaipur",Jaipur,Rajasthan,India ,698501,https://goo.gl/maps/SqCRZtsYb488FWaq7
