﻿patient_id,first_name,middle_name,last_name,dob,gender,email_id,contact_number,emergency_contact_number,address,admission_channel
10000001,PRIYANKA,,RACHERLA,12/25/1985,F,priyanka.racherla@yahoo.com,9988776655,8899776655,"2-55-66, 1st Street, SaiKrishna Nagar, Rajahmundry, AndhraPradesh",ArogyaSree
10000002,NAGA,BALAKRISHNA,CHILUKURI,11/26/1994,M,naga.bala@gmail.com,8877665544,7788665544,"2nd Street, Ambica Nagar, Visakhapatnam, Andhra Pradesh",SELF
10000003,AYUSHI,,SRIVASTAVA,10/27/1992,F,ayushi123@yahoo.com,7766554433,6677554433,"3rd Street, Swaraj Nagar, Gurgoan",INSURANCE
10000004,SAGAR,KUMAR,NARE,9/28/1993,M,sagar345@gmail.com,7654312345,6754312345,"4th Street, Gajuwaka, Vijayawada, AndhraPradesh",INSURANCE
10000005,HRITHIK,,SHARMA,8/29/1995,M,hritik.s@gmail.com,9876512345,8976512345,"5th Street, Sarojini Nagar, Lucknow",SELF
10000006,SASI,KUMAR,RAMACHANDRAN,7/30/1991,M,sasi_234@yahoo.com,9875431260,8975431260,"6th Street, SaiKrishna Nagar, Chandigarh",ArogyaSree
10000007,DEVANSH,,GOYAL,12/31/1995,M,devansh333@gmail.com,9753124680,7953124680,"7th Street, Beach Road, Chennai",INSURANCE
10000008,APPLE,,ABC,12/25/1985,M,APPLE.ABC@gmail.com,9123456789,9123456789,"3rd Street, Ambica Nagar, Visakhapatnam, Andhra Pradesh",ArogyaSree
10000009,TONY,,BCD,11/26/1994,M,TONY.BCD@gmail.com,9234567890,9234567890,"4th Street, Swaraj Nagar, Gurgoan",SELF
10000010,CHERRY,,CDE,10/27/1992,M,CHERRY.CDE@gmail.com,9345678901,9345678901,"5th Street, Gajuwaka, Vijayawada, AndhraPradesh",INSURANCE
10000011,RAM,,DEF,9/28/1993,M,RAM.DEF@gmail.com,9456789012,9456789012,"6th Street, Sarojini Nagar, Lucknow",INSURANCE
10000012,MARK,,DEFG,8/29/1995,M,MARK.DEFG@gmail.com,9567899123,9567899123,"7th Street, SaiKrishna Nagar, Chandigarh",SELF
10000013,KARAN,,FGH,7/30/1991,M,KARAN.FGH@gmail.com,9679009234,9679009234,"8th Street, Beach Road, Chennai",ArogyaSree
10000014,KAREEM,,HIJ,12/31/1995,M,KAREEM.HIJ@gmail.com,9790119345,9790119345,"3rd Street, Ambica Nagar, Visakhapatnam, Andhra Pradesh",INSURANCE
10000015,BALU,,GHI,12/25/1985,M,BALU.GHI@gmail.com,9901229456,9901229456,"4th Street, Swaraj Nagar, Gurgoan",ArogyaSree
10000016,CATHY,,IJK,11/26/1994,F,CATHY.IJK@gmail.com,8123456789,8123456789,"5th Street, Gajuwaka, Vijayawada, AndhraPradesh",SELF
10000017,LAKSHMI,,JKLM,10/27/1992,F,LAKSHMI.JKLM@gmail.com,8234567890,8234567890,"6th Street, Sarojini Nagar, Lucknow",INSURANCE
10000018,SAI,,KLM,9/28/1993,F,SAI.KLM@gmail.com,8345678991,8345678991,"7th Street, SaiKrishna Nagar, Chandigarh",ArogyaSree
10000019,PHANI,,LMN,8/29/1995,M,PHANI.LMN@gmail.com,8456790092,8456790092,"8th Street, Beach Road, Chennai",SELF
10000020,SRINU,,NMNO,7/30/1991,M,SRINU.NMNO@gmail.com,8567901193,8567901193,"4th Street, Ambica Nagar, Visakhapatnam, Andhra Pradesh",INSURANCE
10000021,RAJ,,NOP,12/31/1995,M,RAJ.NOP@gmail.com,8679012294,8679012294,"5th Street, Swaraj Nagar, Gurgoan",INSURANCE
10000022,PRIYA,,OPQ,12/25/1985,F,PRIYA.OPQ@gmail.com,8790123395,8790123395,"6th Street, Gajuwaka, Vijayawada, AndhraPradesh",SELF
10000023,RAJU,,PQR,11/26/1994,M,RAJU.PQR@gmail.com,8901234496,8901234496,"7th Street, Sarojini Nagar, Lucknow",ArogyaSree
10000024,MADHU,,QRS,10/27/1992,F,MADHU.QRS@gmail.com,9012345597,9012345597,"8th Street, SaiKrishna Nagar, Chandigarh",INSURANCE
10000025,SHYAM,,RST,9/28/1993,M,SHYAM.RST@gmail.com,9012345678,9012345678,"9th Street, Beach Road, Chennai",ArogyaSree
10000026,SUBBU,,STU,8/29/1995,M,SUBBU.STU@gmail.com,9023456789,9023456789,"4th Street, Ambica Nagar, Visakhapatnam, Andhra Pradesh",SELF
10000027,UMA,,TUV,7/30/1991,F,UMA.TUV@gmail.com,9034567900,9034567900,"5th Street, Swaraj Nagar, Gurgoan",INSURANCE
10000028,SOFIA,,ABCD,12/31/1995,F,SOFIA.ABCD@gmail.com,9045679011,9045679011,"6th Street, Gajuwaka, Vijayawada, AndhraPradesh",INSURANCE
10000029,SRUTHI,,BCDEF,12/25/1985,F,SRUTHI.BCDEF@gmail.com,9056790122,9056790122,"7th Street, Sarojini Nagar, Lucknow",SELF
10000030,SUDHA,,CDEF,11/26/1994,F,SUDHA.CDEF@gmail.com,9067901233,9067901233,"8th Street, SaiKrishna Nagar, Chandigarh",ArogyaSree
10000031,RAMA,,DEFG,10/27/1992,F,RAMA.DEFG@gmail.com,9079012344,9079012344,"9th Street, Beach Road, Chennai",INSURANCE
10000032,MARTIN,,EFGH,9/28/1993,M,MARTIN.EFGH@gmail.com,9090123455,9090123455,"5th Street, Ambica Nagar, Visakhapatnam, Andhra Pradesh",ArogyaSree
10000033,AKHILA,,FGHI,8/29/1995,F,AKHILA.FGHI@gmail.com,9101234566,9101234566,"6th Street, Swaraj Nagar, Gurgoan",SELF
10000034,ANJALI,,GHIJ,7/30/1991,F,ANJALI.GHIJ@gmail.com,9112345677,9112345677,"7th Street, Gajuwaka, Vijayawada, AndhraPradesh",INSURANCE
10000035,ARUNA,,HIJK,12/31/1995,F,ARUNA.HIJK@gmail.com,9123456788,9123456788,"8th Street, Sarojini Nagar, Lucknow",ArogyaSree
10000036,ARUN,,IJKL,12/25/1985,M,ARUN.IJKL@gmail.com,9134567899,9134567899,"9th Street, SaiKrishna Nagar, Chandigarh",SELF
10000037,AJAY,,JKLM,11/26/1994,M,AJAY.JKLM@gmail.com,9145679010,9145679010,"10th Street, Beach Road, Chennai",INSURANCE
10000038,MANISH,,KLMN,10/27/1992,M,MANISH.KLMN@gmail.com,9156790121,9156790121,"5th Street, Ambica Nagar, Visakhapatnam, Andhra Pradesh",INSURANCE
10000039,DAVID,,NOPQ,9/28/1993,M,DAVID.NOPQ@gmail.com,9167901232,9167901232,"6th Street, Swaraj Nagar, Gurgoan",SELF
10000040,PREETHI,,OPQR,8/29/1995,F,PREETHI.OPQR@gmail.com,9179012343,9179012343,"7th Street, Gajuwaka, Vijayawada, AndhraPradesh",ArogyaSree
10000041,SATYA,,PQRS,7/30/1991,F,SATYA.PQRS@gmail.com,9190123454,9190123454,"8th Street, Sarojini Nagar, Lucknow",INSURANCE
10000042,SAIRAM,,QRST,12/31/1995,M,SAIRAM.QRST@gmail.com,9201234565,9201234565,"9th Street, SaiKrishna Nagar, Chandigarh",ArogyaSree
