﻿room_id,room_no,mc_id,room_type,max_bed_accomodate,size,size_unit,is_washroom_available,floor,cost,currency_unit,description,is_deleted
1001,101,10001,NON-AC SHARED,2,250,SQ FT,Y,1,2000,INR,,FALSE
1002,201,10004,AC SINGLE,1,135,SQ FT,N,2,100,DOLLAR,,FALSE
1003,103,10003,AC SINGLE,1,135,SQ FT,Y,1,3000,INR,,FALSE
1004,307,10006,AC SHARED,2,300,SQ FT,Y,3,2500,INR,,FALSE
1005,202,10002,NON-AC SINGLE,1,135,SQ FT,N,5,800,INR,,TRUE
1006,507,10004,AC SHARED,2,300,SQ FT,Y,2,200,DOLLAR,,FALSE
1007,101,10001,NON-AC SHARED,2,250,SQ FT,Y,1,2000,INR,,FALSE
1008,201,10002,AC SINGLE,1,135,SQ FT,N,2,100,DOLLAR,,FALSE
1009,103,10003,AC SINGLE,1,135,SQ FT,Y,1,3000,INR,,FALSE
1010,307,10004,AC SHARED,2,300,SQ FT,Y,3,2500,INR,,FALSE
1011,202,10005,NON-AC SINGLE,1,135,SQ FT,N,5,800,INR,,TRUE
1012,507,10006,AC SHARED,2,300,SQ FT,Y,2,200,DOLLAR,,FALSE
1013,507,10007,NON-AC SHARED,2,250,SQ FT,Y,1,2000,INR,,FALSE
1014,101,10001,NON-AC SHARED,2,250,SQ FT,Y,1,2000,INR,,FALSE
1015,201,10002,AC SINGLE,1,135,SQ FT,N,2,100,DOLLAR,,FALSE
1016,103,10003,AC SINGLE,1,135,SQ FT,Y,1,3000,INR,,FALSE
1017,307,10004,AC SHARED,2,300,SQ FT,Y,3,2500,INR,,FALSE
1018,202,10005,NON-AC SINGLE,1,135,SQ FT,N,5,800,INR,,TRUE
1019,507,10006,AC SHARED,2,300,SQ FT,Y,2,200,DOLLAR,,FALSE
1020,101,10001,NON-AC SHARED,2,250,SQ FT,Y,1,2000,INR,,FALSE
1021,201,10002,AC SINGLE,1,135,SQ FT,N,2,100,DOLLAR,,FALSE
1022,103,10003,AC SINGLE,1,135,SQ FT,Y,1,3000,INR,,FALSE
1023,307,10004,AC SHARED,2,300,SQ FT,Y,3,2500,INR,,FALSE
1024,202,10005,NON-AC SINGLE,1,135,SQ FT,N,5,800,INR,,TRUE
1025,507,10006,AC SHARED,2,300,SQ FT,Y,2,200,DOLLAR,,FALSE
